{
	"format_version": "1.8.0",
	"animations": {
		"animation.naga.run": {
			"loop": true,
			"animation_length": 1,
			"bones": {
				"body": {
					"rotation": {
						"0.0": [0, 0, 0],
						"0.25": [0, 15, 0],
						"0.5": [0, 0, 0],
						"0.75": [0, -15, 0],
						"1.0": [0, 0, 0]
					}
				},
				"bone1": {
					"rotation": {
						"0.0": [0, -12.5, 0],
						"0.25": [0, -15, 0],
						"0.5": [0, 10, 0],
						"0.75": [0, 0, 0],
						"1.0": [0, -10, 0]
					}
				},
				"head": {
					"rotation": {
						"0.0": [0, 0, 0],
						"0.5": [-10, 0, 0],
						"1.0": [0, 0, 0]
					}
				},
				"front": {
					"relative_to": {
						"rotation": "entity"
					},
					"rotation": {
						"0.0": [0, 15, 0],
						"0.25": [0, 0, 0.01],
						"0.5": [0, -15, 0],
						"1.0": [0, 15, 0]
					}
				},
				"bone5": {
					"rotation": {
						"0.0": [0, 0, 0],
						"0.25": [0, -17.5, 0],
						"0.5": [0, 0, 0],
						"0.75": [0, 15, 0],
						"1.0": [0, 0, 0]
					}
				},
				"back": {
					"rotation": {
						"0.0": [0, -15, 0],
						"0.5": [0, 15, 0],
						"1.0": [0, -15, 0]
					}
				},
				"bone6": {
					"rotation": {
						"0.0": [0, 0, 0],
						"0.25": [0, -15, 0],
						"0.5": [0, 0, 0],
						"0.75": [0, 15, 0],
						"1.0": [0, 0, 0]
					}
				},
				"human": {
					"rotation": {
						"0.0": [0, -10, 0],
						"0.25": [0, 0, 0],
						"0.5": [0, 10, 0],
						"0.75": [0, 0, 0],
						"1.0": [0, -10, 0]
					}
				},
				"rightarm": {
					"rotation": {
						"0.0": [-52.5, 0, 35],
						"0.5": [-75, 0, 35],
						"1.0": [-52.5, 0, 35]
					}
				},
				"leftarm": {
					"rotation": {
						"0.0": [-73.52973, -24.09293, -6.8817],
						"0.5": [-48.52986, -24.09147, -6.88085],
						"1.0": [-73.53, -24.09, -6.88]
					}
				},
				"jaw": {
					"rotation": {
						"0.0": [0, 0, 0],
						"0.5": [22.5, 0, 0],
						"1.0": [0, 0, 0]
					}
				},
				"hair": {
					"rotation": {
						"0.0": [50, 0, 0],
						"0.25": [42.39409, -29.4987, 28.34077],
						"0.5": [50, 0, 0],
						"0.75": [42.39409, 29.4987, -28.34077],
						"1.0": [50, 0, 0]
					}
				}
			}
		},
		"animation.naga.walk": {
			"loop": true,
			"animation_length": 2,
			"bones": {
				"body": {
					"rotation": {
						"0.0": [0, 0, 0],
						"0.5": [0, 15, 0],
						"1.0": [0, 0, 0],
						"1.5": [0, -15, 0],
						"2.0": [0, 0, 0]
					}
				},
				"bone1": {
					"rotation": {
						"0.0": [0, -12.5, 0],
						"0.5": [0, -15, 0],
						"1.0": [0, 10, 0],
						"1.5": [0, 0, 0],
						"2.0": [0, -10, 0]
					}
				},
				"head": {
					"rotation": {
						"0.0": [0, 0, 0],
						"1.0": [-10, 0, 0],
						"2.0": [0, 0, 0]
					}
				},
				"front": {
					"relative_to": {
						"rotation": "entity"
					},
					"rotation": {
						"0.0": [0, 15, 0],
						"0.5": [0, 0, 0.01],
						"1.0": [0, -15, 0],
						"2.0": [0, 15, 0]
					}
				},
				"bone5": {
					"rotation": {
						"0.0": [0, 0, 0],
						"0.5": [0, -17.5, 0],
						"1.0": [0, 0, 0],
						"1.5": [0, 15, 0],
						"2.0": [0, 0, 0]
					}
				},
				"back": {
					"rotation": {
						"0.0": [0, -15, 0],
						"1.0": [0, 15, 0],
						"2.0": [0, -15, 0]
					}
				},
				"bone6": {
					"rotation": {
						"0.0": [0, 0, 0],
						"0.5": [0, -15, 0],
						"1.0": [0, 0, 0],
						"1.5": [0, 15, 0],
						"2.0": [0, 0, 0]
					}
				},
				"human": {
					"rotation": {
						"0.0": [0, -10, 0],
						"0.5": [0, 0, 0],
						"1.0": [0, 10, 0],
						"1.5": [0, 0, 0],
						"2.0": [0, -10, 0]
					}
				},
				"rightarm": {
					"rotation": {
						"0.0": [0, 0, 0],
						"0.5": [-20, 0, 0],
						"1.0": [0, 0, 0],
						"1.5": [20, 0, 0],
						"2.0": [0, 0, 0]
					}
				},
				"leftarm": {
					"rotation": {
						"0.0": [0, 0, 0],
						"0.5": [20, 0, 0],
						"1.0": [0, 0, 0],
						"1.5": [-20, 0, 0],
						"2.0": [0, 0, 0]
					}
				},
				"hair": {
					"rotation": {
						"0.0": [0, 0, 0],
						"0.2": [0, 0, -16.67],
						"0.3": [0, 0, -7.08],
						"0.5": [0, 0, -12.5],
						"0.7": [0, 0, 1.67],
						"0.8": [0, 0, -14.17],
						"1.0": [0, 0, 0],
						"1.3": [0, 0, -10],
						"2.0": [0, 0, 0]
					}
				}
			}
		},
		"animation.naga.idle": {
			"loop": true,
			"animation_length": 8,
			"bones": {
				"root": {
					"scale": {
						"0.0": [1, 1, 1],
						"2.0": [1.1, 1, 1],
						"4.0": [1, 1, 1],
						"6.0": [1.1, 1, 1],
						"8.0": [1, 1, 1]
					}
				},
				"bone1": {
					"rotation": [3.65305, -49.96015, -1.9428],
					"scale": [1.1, 1, 1]
				},
				"bone6": {
					"rotation": [0, -45, 0],
					"position": [0, 0, -3]
				},
				"bone5": {
					"rotation": [-3.65038, -49.92514, 3.65038],
					"scale": {
						"0.0": [1.2, 1, 1],
						"2.0": [1.3, 1, 1],
						"4.0": [1.2, 1, 1]
					}
				},
				"body": {
					"rotation": [0, 70, 0]
				},
				"head": {
					"rotation": [0, 17.5, 0]
				},
				"front": {
					"rotation": [0, -45, 0]
				},
				"back": {
					"rotation": [0, -30, 0]
				},
				"rightarm": {
					"rotation": {
						"0.0": [0, 0, 0],
						"3.6": [0, 0, 20],
						"8.0": [0, 0, 0]
					}
				},
				"leftarm": {
					"rotation": {
						"0.0": [0, 0, 0],
						"3.6": [0, 0, -25],
						"8.0": [0, 0, 0]
					}
				},
				"hair": {
					"rotation": {
						"0.0": [0, 0, 0],
						"0.6": [0, 0, -7.9],
						"1.8": [0, 0, -2.4],
						"3.0": [0, 0, -10.45],
						"3.7": [0, 0, -10.44],
						"3.9": [0, 0, -16.86],
						"5.1": [0, 0, -20.41],
						"6.6": [0, 0, -5.78],
						"7.5": [0, 0, -12.5],
						"8.0": [0, 0, 0]
					}
				}
			}
		},
		"animation.naga.attack": {
			"loop": true,
			"animation_length": 0.75,
			"bones": {
				"body": {
					"rotation": {
						"0.0": [0, 0, 0],
						"0.375": [0, 25, 0],
						"0.5833": [0, -16.39, 0],
						"0.75": [0, 0, 0]
					}
				},
				"bone1": {
					"rotation": {
						"0.0": [0, 0, 0],
						"0.3333": [0, -45, 0],
						"0.5417": [46.22036, -41.40078, -6.33965],
						"0.75": [0, 0, 0]
					}
				},
				"head": {
					"rotation": {
						"0.0": [0, 0, 0],
						"0.375": [-20, -27.5, 0],
						"0.5833": [-79.68396, 0.18545, 7.1314],
						"0.75": [0, 0, 0]
					},
					"position": {
						"0.0": [0, 0, 0],
						"0.4583": [0, 1, -3],
						"0.5417": [0, 2.71, -3],
						"0.75": [0, 0, 0]
					}
				},
				"jaw": {
					"rotation": {
						"0.0": [0, 0, 0],
						"0.4167": [52.5, 0, 0],
						"0.5417": [87.5, 0, 0],
						"0.625": [65.63, 0, 0],
						"0.6667": [71.25, 0, 0],
						"0.75": [0, 0, 0]
					}
				},
				"front": {
					"rotation": {
						"0.0": [0, 0, 0],
						"0.5": [0, 60, 0],
						"0.6667": [-17.5, 20, 0],
						"0.75": [0, 0, 0]
					}
				},
				"back": {
					"relative_to": {
						"rotation": "entity"
					},
					"rotation": {
						"0.0": [0, 0, 0.01],
						"0.375": [-0.00315, -17.5, 0.01049],
						"0.75": [0, 0, 0.01]
					}
				},
				"bone6": {
					"rotation": {
						"0.0": [0, 0, 0],
						"0.375": [0, -40, 0],
						"0.75": [0, 0, 0]
					}
				},
				"bone5": {
					"rotation": {
						"0.0": [0, 0, 0],
						"0.375": [0, 35, 0],
						"0.75": [0, 0, 0]
					}
				},
				"rightarm": {
					"rotation": {
						"0.0": [0, 0, 0],
						"0.25": [0, 0, 22.5],
						"0.5": [0, 0, 165],
						"0.75": [0, 0, 0]
					}
				},
				"leftarm": {
					"rotation": {
						"0.0": [0, 0, 0],
						"0.25": [0, 0, -22.5],
						"0.5": [-168.82495, -10.07026, 30.2623],
						"0.75": [0, 0, 0]
					}
				},
				"metamorphosis": {
					"rotation": {
						"0.0": [0, 0, 0],
						"0.5": [42.5, 0, 0],
						"0.75": [0, 0, 0]
					}
				},
				"hair": {
					"rotation": {
						"0.0": [0, 0, 0],
						"0.25": [2.5, 0, -17.5],
						"0.5": [67.5, 0, 22.5],
						"0.75": [0, 0, 0]
					}
				}
			}
		},
		"animation.naga.roar": {
			"loop": true,
			"animation_length": 2,
			"bones": {
				"bone1": {
					"rotation": {
						"0.0": [0, 0, 0],
						"0.25": [15, 0, 0],
						"0.5": [32.5, 0, 0],
						"1.75": [0, 0, 0],
						"2.0": [0, 0, 0]
					}
				},
				"head": {
					"rotation": {
						"0.0": [0, 0, 0],