{
	"format_version": "1.8.0",
	"animations": {
		"animation.yeti.walk": {
			"loop": true,
			"animation_length": 2,
			"override_previous_animation": true,
			"bones": {
				"body": {
					"rotation": {
						"0.0": [0, 0, 0],
						"0.5": [0, 0, 2.5],
						"1.0": [0, 0, 0],
						"1.5": [0, 0, -2.5],
						"2.0": [0, 0, 0]
					},
					"position": {
						"0.0": [0, 0, 0],
						"0.5": [0, 1, 0],
						"1.0": [0, 0, 0],
						"1.5": [0, 1, 0],
						"2.0": [0, 0, 0]
					}
				},
				"leftLeg": {
					"rotation": {
						"0.0": [0, 0, 0],
						"0.5": [-40, 0, 0],
						"1.0": [0, 0, 0],
						"1.5": [40, 0, 0],
						"2.0": [0, 0, 0]
					},
					"position": {
						"0.0": [0, 0, 0],
						"0.5": [0, 0, 0],
						"0.625": [0, -2, 0],
						"1.0": [0, 0, 0],
						"2.0": [0, 0, 0]
					}
				},
				"rightLeg": {
					"rotation": {
						"0.0": [0, 0, 0],
						"0.5": [40, 0, 0],
						"1.0": [0, 0, 0],
						"1.5": [-40, 0, 0],
						"2.0": [0, 0, 0]
					},
					"position": {
						"0.0": [0, 0, 0],
						"1.5": [0, 0, 0],
						"1.625": [0, -2, 0],
						"2.0": [0, 0, 0]
					}
				},
				"rightarm": {
					"rotation": {
						"0.0": [0, 0, 0],
						"0.5": [-30, 0, 0],
						"1.0": [0, 0, 0],
						"1.5": [30, 0, 0],
						"2.0": [0, 0, 0]
					}
				},
				"rightItem": {
					"rotation": {
						"0.0": [-73.35257, -7.43547, 13.06431],
						"1.0": [-73.35, -7.44, 13.06]
					},
					"position": [0, 0, 0]
				},
				"leftarm": {
					"rotation": {
						"0.0": [0, 0, -10],
						"0.5": [24.66569, 4.20854, -9.07947],
						"1.0": [0, 0, -10],
						"1.5": [-24.66569, -4.20854, -9.07947],
						"2.0": [0, 0, -10]
					}
				},
				"hair2": {
					"relative_to": {
						"rotation": "entity"
					},
					"rotation": [0, 0, 0.01]
				},
				"hair": {
					"relative_to": {
						"rotation": "entity"
					},
					"rotation": [0, 0, 0.01]
				},
				"nose": {
					"rotation": {
						"0.0": [0, 0, 2.5],
						"0.5": [0, 0, -5],
						"2.0": [0, 0, 2.5]
					}
				}
			}
		},
		"animation.yeti.run": {
			"loop": true,
			"animation_length": 1,
			"bones": {
				"body": {
					"rotation": {
						"0.0": [15, 0, 0],
						"0.25": [15, -15, 5],
						"0.5": [15, 0, 0],
						"0.75": [15, 15, -5],
						"1.0": [15, 0, 0]
					},
					"position": {
						"0.0": [0, 0, 0],
						"0.1667": [0, 2, 0],
						"0.25": [0, 0, 0],
						"0.5": [0, 0, 0],
						"0.6667": [0, 2, 0],
						"0.75": [0, 0, 0],
						"1.0": [0, 0, 0]
					}
				},
				"head": {
					"relative_to": {
						"rotation": "entity"
					},
					"rotation": [0, 0, 0.01]
				},
				"leftLeg": {
					"relative_to": {
						"rotation": "entity"
					},
					"rotation": {
						"0.0": [0, 0, 0.01],
						"0.25": [-40, 0, 0],
						"0.5": [0, 0, 0.01],
						"0.75": [30, 0, 0],
						"1.0": [0, 0, 0.01]
					},
					"position": {
						"0.0": [0, 2, 0],
						"0.25": [0, 1, -5],
						"0.5": [0, 0, 0],
						"0.75": [0, 1, 4],
						"1.0": [0, 2, 0]
					}
				},
				"rightLeg": {
					"relative_to": {
						"rotation": "entity"
					},
					"rotation": {
						"0.0": [0, 0, 0.01],
						"0.25": [30, 0, 0],
						"0.5": [0, 0, 0.01],
						"0.75": [-40, 0, 0],
						"1.0": [0, 0, 0.01]
					},
					"position": {
						"0.0": [0, 0, 0],
						"0.25": [0, 1, 5],
						"0.5": [0, 2, 0],
						"0.75": [0, 1, -5],
						"1.0": [0, 0, 0]
					}
				},
				"tail": {
					"relative_to": {
						"rotation": "entity"
					},
					"rotation": [0, 0, 0.01]
				},
				"waist": {
					"relative_to": {
						"rotation": "entity"
					},
					"rotation": {
						"0.0": [0, 0, 0.01],
						"1.0": [0, 0, 0.01]
					}
				},
				"rightarm": {
					"relative_to": {
						"rotation": "entity"
					},
					"rotation": {
						"0.0": [0, 0, 0.01],
						"0.25": [-50, 0, 0],
						"0.5": [0, 0, 0.01],
						"0.75": [50, 0, 0],
						"1.0": [0, 0, 0.01]
					}
				},
				"rightItem": {
					"rotation": {
						"0.0": [72.5, 0, 0],
						"0.5": [72.5, 0, 0]
					},
					"position": [0, 0, 4]
				},
				"leftarm": {
					"rotation": {
						"0.0": [0, 0, -32.5],
						"0.25": [45, 0, -32.5],
						"0.5": [0, 0, -32.5],
						"0.75": [-42.5, 0, -32.5],
						"1.0": [0, 0, -32.5]
					}
				}
			}
		},
		"animation.yeti.attack": {
			"loop": true,
			"animation_length": 1,
			"override_previous_animation": true,
			"bones": {
				"body": {
					"rotation": {
						"0.0": [0, 0, 0],
						"0.25": [0, 62.5, 0],
						"0.5": [0, 27.5, 0],
						"0.75": [0, -87.5, 0],
						"1.0": [0, 0, 0]
					},
					"position": {
						"0.0": [0, 0, 0],
						"0.5": [0, -1, 0],
						"1.0": [0, 0, 0]
					}
				},
				"leftLeg": {
					"relative_to": {
						"rotation": "entity"
					},
					"rotation": {
						"0.0": [-22.12422, -17.13588, -0.59063],
						"0.1667": [-42.12281, -17.13725, -0.59042],
						"0.5": [-22.12, -17.14, -0.59]
					},
					"position": {
						"0.0": [0, 0, 0],
						"0.5": [0, 1, 0],
						"1.0": [0, 0, 0]
					}
				},
				"rightLeg": {
					"relative_to": {
						"rotation": "entity"
					},
					"rotation": {
						"0.0": [10, 7.5, 10],
						"0.25": [30.81894, 1.15391, 20.80577],
						"0.5": [10, 7.5, 10]
					},
					"position": {
						"0.0": [0, 0, 0],
						"0.5": [0, 1, 0],
						"1.0": [0, 0, 0]
					}
				},
				"head": {
					"relative_to": {
						"rotation": "entity"
					},
					"rotation": {
						"0.0": [0, 0, 0.01],
						"0.5": [-3.26364, 24.77068, -3.47952],
						"0.75": [-30, -87.5, 0],
						"1.0": [0, 0, 0.01]
					}
				},
				"rightarm": {
					"rotation": {
						"0.0": [0, 0, 0],
						"0.25": [-66.52397, -16.1299, -6.88003],
						"0.4167": [-80.39177, 12.8529, -7.18567],
						"0.75": [-20.93657, -67.5464, -47.20209],
						"1.0": [0, 0, 0]
					},
					"position": {
						"0.4167": [0, 0, 0],
						"0.75": [3, -2, -8],
						"1.0": [0, 0, 0]
					}
				},
				"rightItem": {
					"rotation": {
						"0.4167": [0, 0, 0],
						"0.75": [100, 0, 0],
						"1.0": [0, 0, 0]
					}
				},
				"leftarm": {
					"rotation": {
						"0.0": [0, 0, 0],
						"0.25": [-60.47985, 46.04179, 22.17599],
						"0.4167": [-75.85301, 81.67876, 15.88125],
						"0.5": [-35.41661, 65.18578, 51.92375],
						"0.75": [-51.29909, -18.31512, -16.30572],
						"1.0": [0, 0, 0]
					},
					"position": {
						"0.0": [0, 0, 0],
						"0.1667": [-4, -2, -5.67],
						"0.25": [-6, -3, -4],
						"0.5": [-5, -6, -8],
						"1.0": [0, 0, 0]
					}
				},
				"hand": {
					"rotation": {
						"0.0": [0, 0, 0],
						"0.4167": [37.5, 75, -35.41667],
						"0.5": [0, 90, -67.5],
						"1.0": [0, 0, 0]
					}
				}
			}
		},
		"animation.yeti.roar": {
			"loop": true,
			"animation_length": 1,
			"override_previous_animation": true,
			"bones": {
				"body": {
					"rotation": {
						"0.0": [0, 0, 0],
						"0.1667": [7.5, 0, 0],
						"0.75": [9.75, 0, 0],
						"1.0": [0, 0, 0]
					},
					"position": {
						"0.0": [0, 0, 0],
						"0.5": [0, -1, 0],
						"1.0": [0, 0, 0]
					}
				},
				"leftLeg": {
					"relative_to": {
						"rotation": "entity"
					},
					"rotation": [-22.12422, -17.13588, -0.59063],
					"position": {
						"0.0": [0, 0, 0],
						"0.5": [0, 1, 0],
						"1.0": [0, 0, 0]
					}
				},
				"rightLeg": {
					"relative_to": {
						"rotation": "entity"
					},
					"rotation": [10, 7.5, 10],
					"position": {
						"0.0": [0, 0, 0],
						"0.5": [0, 1, 0],
						"1.0": [0, 0, 0]
					}
				},
				"rightarm": {
					"rotation": {
						"0.0": [0, 0, 0],
						"0.5": [26.40319, -7.98133, 15.62489],
						"1.0": [0, 0, 0]
					}
				},
				"rightItem": {
					"rotation": [-66.47973, 15.33173, 18.7599]
				},
				"head": {
					"rotation": {
						"0.0": [0, 0, 0],
						"0.1667": [-10, 0, 0],
						"0.3333": [-15.22074, 9.65594, -2.61298],
						"0.5": [-20, 0, 0],
						"0.6667": [-13.78603, -14.58657, 3.536],
						"0.75": [-10.20649, -6.01998, 1.75073],
						"1.0": [0, 0, 0]
					},
					"position": {
						"0.0": [0, 0, 0],
						"0.1667": [0, 0, -4],
						"0.75": [0, 0, -3.2],